Week,Town,次數
2015-01-19,東區,1
2015-05-18,北區,1
2015-05-18,東區,1
2015-05-25,安南區,1
2015-06-08,北區,1
2015-06-15,北區,1
2015-06-15,安南區,1
2015-06-22,北區,1
2015-06-22,東區,1
2015-06-29,北區,3
2015-06-29,安南區,3
2015-06-29,安定區,1
2015-07-06,北區,1
2015-07-06,安南區,5
2015-07-13,仁德區,1
2015-07-13,北區,9
2015-07-13,安南區,6
2015-07-13,安平區,1
2015-07-13,永康區,3
2015-07-20,中西區,2
2015-07-20,北區,7
2015-07-20,南區,1
2015-07-20,安南區,2
2015-07-20,安平區,3
2015-07-20,新化區,1
2015-07-20,東區,1
2015-07-27,中西區,5
2015-07-27,北區,7
2015-07-27,南區,4
2015-07-27,安南區,8
2015-07-27,安定區,1
2015-07-27,安平區,4
2015-07-27,東區,2
2015-07-27,永康區,7
2015-08-03,中西區,8
2015-08-03,北區,4
2015-08-03,南區,2
2015-08-03,安南區,6
2015-08-03,安定區,1
2015-08-03,安平區,4
2015-08-03,東區,1
2015-08-03,歸仁區,1
2015-08-03,永康區,7
2015-08-10,中西區,14
2015-08-10,仁德區,1
2015-08-10,北區,12
2015-08-10,南區,15
2015-08-10,善化區,3
2015-08-10,安南區,14
2015-08-10,安平區,9
2015-08-10,東區,7
2015-08-10,永康區,17
2015-08-10,麻豆區,2
2015-08-17,中西區,5
2015-08-17,仁德區,2
2015-08-17,北區,16
2015-08-17,南區,9
2015-08-17,善化區,6
2015-08-17,學甲區,1
2015-08-17,安南區,11
2015-08-17,安平區,9
2015-08-17,山上區,1
2015-08-17,新市區,2
2015-08-17,新營區,5
2015-08-17,東區,7
2015-08-17,東山區,1
2015-08-17,柳營區,2
2015-08-17,永康區,17
2015-08-17,白河區,1
2015-08-17,鹽水區,1
2015-08-17,麻豆區,2
2015-08-24,下營區,1
2015-08-24,中西區,7
2015-08-24,佳里區,2
2015-08-24,北區,12
2015-08-24,南區,6
2015-08-24,善化區,5
2015-08-24,學甲區,1
2015-08-24,安南區,2
2015-08-24,安定區,1
2015-08-24,安平區,4
2015-08-24,左鎮區,1
2015-08-24,新化區,4
2015-08-24,新市區,2
2015-08-24,新營區,2
2015-08-24,東區,5
2015-08-24,歸仁區,1
2015-08-24,永康區,10
2015-08-24,白河區,1
2015-08-24,西港區,2
2015-08-24,鹽水區,1
2015-08-24,麻豆區,1
2015-08-31,中西區,10
2015-08-31,仁德區,1
2015-08-31,佳里區,1
2015-08-31,六甲區,1
2015-08-31,北區,13
2015-08-31,南區,9
2015-08-31,善化區,1
2015-08-31,安南區,6
2015-08-31,安定區,1
2015-08-31,安平區,3
2015-08-31,後壁區,1
2015-08-31,新化區,2
2015-08-31,新營區,2
2015-08-31,東區,3
2015-08-31,永康區,12
2015-08-31,玉井區,1
2015-09-07,中西區,11
2015-09-07,北區,14
2015-09-07,南區,10
2015-09-07,安南區,2
2015-09-07,東區,4
2015-09-14,中西區,9
2015-09-14,北區,8
2015-09-14,南區,13
2015-09-14,安南區,4
2015-09-14,安平區,1
2015-09-14,東區,6
2015-09-14,永康區,2
2015-09-21,中西區,11
2015-09-21,北區,12
2015-09-21,南區,12
2015-09-21,安南區,8
2015-09-21,東區,9
2015-09-21,永康區,4
2015-09-28,中西區,12
2015-09-28,北區,8
2015-09-28,南區,11
2015-09-28,安南區,3
2015-09-28,安平區,4
2015-09-28,新化區,1
2015-09-28,東區,9
2015-09-28,永康區,2
2015-09-28,關廟區,1
2015-10-05,中西區,8
2015-10-05,仁德區,2
2015-10-05,北區,9
2015-10-05,南區,11
2015-10-05,善化區,1
2015-10-05,安南區,5
2015-10-05,安平區,7
2015-10-05,新化區,1
2015-10-05,東區,12
2015-10-05,永康區,10
2015-10-12,中西區,15
2015-10-12,仁德區,1
2015-10-12,北區,15
2015-10-12,南區,13
2015-10-12,安南區,15
2015-10-12,安平區,11
2015-10-12,新化區,2
2015-10-12,新市區,2
2015-10-12,東區,14
2015-10-12,歸仁區,2
2015-10-12,永康區,12
2015-10-12,麻豆區,4
2015-10-19,七股區,2
2015-10-19,中西區,20
2015-10-19,仁德區,4
2015-10-19,北區,19
2015-10-19,南區,26
2015-10-19,善化區,1
2015-10-19,安南區,17
2015-10-19,安定區,2
2015-10-19,安平區,18
2015-10-19,新化區,3
2015-10-19,東區,47
2015-10-19,歸仁區,3
2015-10-19,永康區,15
2015-10-26,中西區,21
2015-10-26,仁德區,1
2015-10-26,佳里區,3
2015-10-26,北區,45
2015-10-26,南區,21
2015-10-26,善化區,1
2015-10-26,安南區,17
2015-10-26,安平區,13
2015-10-26,新化區,2
2015-10-26,東區,66
2015-10-26,東山區,1
2015-10-26,歸仁區,4
2015-10-26,永康區,41
2015-10-26,玉井區,6
2015-10-26,關廟區,1
2015-10-26,麻豆區,1
2015-11-02,七股區,2
2015-11-02,中西區,7
2015-11-02,仁德區,2
2015-11-02,北區,23
2015-11-02,南區,30
2015-11-02,安南區,24
2015-11-02,安平區,17
2015-11-02,新化區,1
2015-11-02,東區,52
2015-11-02,歸仁區,8
2015-11-02,永康區,26
2015-11-02,玉井區,7
2015-11-02,關廟區,2
2015-11-09,中西區,6
2015-11-09,仁德區,5
2015-11-09,北區,15
2015-11-09,南區,21
2015-11-09,善化區,2
2015-11-09,安南區,15
2015-11-09,安定區,2
2015-11-09,安平區,6
2015-11-09,新化區,4
2015-11-09,東區,26
2015-11-09,歸仁區,7
2015-11-09,永康區,28
2015-11-09,玉井區,4
2015-11-09,關廟區,2
2015-11-16,中西區,4
2015-11-16,仁德區,2
2015-11-16,佳里區,1
2015-11-16,北區,9
2015-11-16,南區,15
2015-11-16,善化區,1
2015-11-16,大內區,1
2015-11-16,安南區,13
2015-11-16,安平區,6
2015-11-16,新化區,4
2015-11-16,東區,15
2015-11-16,歸仁區,3
2015-11-16,永康區,11
2015-11-16,玉井區,1
2015-11-16,關廟區,1
2015-11-16,麻豆區,1
2015-11-23,中西區,2
2015-11-23,仁德區,4
2015-11-23,佳里區,1
2015-11-23,北區,15
2015-11-23,南區,12
2015-11-23,學甲區,1
2015-11-23,安南區,3
2015-11-23,安平區,2
2015-11-23,將軍區,1
2015-11-23,新化區,5
2015-11-23,東區,14
2015-11-23,歸仁區,3
2015-11-23,永康區,10
2015-11-23,西港區,1
2015-11-23,麻豆區,2
2015-11-23,龍崎區,1
2015-11-30,中西區,1
2015-11-30,北區,4
2015-11-30,南區,7
2015-11-30,安平區,5
2015-11-30,新化區,6
2015-11-30,東區,5
2015-11-30,歸仁區,2
2015-11-30,永康區,5
2015-11-30,關廟區,1
2015-11-30,麻豆區,1
2015-12-07,中西區,1
2015-12-07,北區,2
2015-12-07,南區,4
2015-12-07,安南區,1
2015-12-07,安平區,2
2015-12-07,新市區,2
2015-12-07,東區,7
2015-12-07,永康區,3
2015-12-14,北區,1
2015-12-14,南區,1
2015-12-14,安南區,1
2015-12-14,永康區,5
2015-12-21,仁德區,1
2015-12-21,北區,1
2015-12-21,東區,1
2015-12-21,永康區,1
2015-12-21,關廟區,3
2017-01-09,中西區,1
2017-01-16,歸仁區,1
2017-01-30,北區,1
2018-01-22,北區,1
2018-01-22,安南區,1
2018-01-22,安平區,1
2018-01-29,北區,1
2018-03-12,南區,1
2018-03-19,中西區,1
2018-04-02,中西區,1
2018-04-09,東區,2
2018-05-07,新營區,1
2018-05-21,安南區,1
2018-06-04,麻豆區,1
2018-06-25,佳里區,1
2018-06-25,永康區,1
2018-06-25,麻豆區,1
2018-07-02,後壁區,1
2018-07-16,安南區,1
2018-07-30,永康區,1
2018-08-13,東區,1
2018-08-20,後壁區,1
2018-08-20,永康區,1
2018-08-20,玉井區,1
2018-09-03,中西區,1
2018-09-03,東區,1
2018-09-10,佳里區,1
2018-09-10,南區,1
2018-09-10,安南區,1
2018-09-24,安南區,1
2018-10-08,中西區,1
2018-10-15,安南區,1
2018-10-22,北門區,1
2018-10-22,安南區,1
2018-10-29,北區,1
2018-10-29,安南區,1
2018-11-12,東區,2
2018-12-03,安南區,1
2018-12-17,善化區,1
2018-12-31,安南區,1
2018-12-31,新市區,1
2019-01-07,北區,1
2019-01-14,永康區,1
2019-01-28,七股區,1
2019-01-28,南區,1
2019-02-11,東區,1
2019-02-18,歸仁區,2
2019-03-04,仁德區,1
2019-03-04,永康區,1
2019-03-18,安南區,1
2019-04-01,仁德區,1
2019-05-06,鹽水區,1
2019-06-03,仁德區,2
2019-06-03,永康區,2
2019-06-03,白河區,1
2019-06-24,北區,2
2019-06-24,東區,1
2019-06-24,永康區,1
2019-07-01,中西區,7
2019-07-01,東區,4
2019-07-08,中西區,4
2019-07-08,仁德區,1
2019-07-08,南區,1
2019-07-08,安南區,1
2019-07-08,左鎮區,2
2019-07-08,東區,2
2019-07-15,善化區,1
2019-07-15,左鎮區,1
2019-07-15,新化區,1
2019-07-15,東區,4
2019-07-15,永康區,1
2019-07-15,西港區,3
2019-07-22,南區,2
2019-07-22,新營區,2
2019-07-22,東區,2
2019-07-29,安南區,1
2019-08-05,東區,1
2019-08-05,歸仁區,2
2019-08-05,麻豆區,2
2019-08-12,北區,1
2019-08-12,東區,2
2019-08-26,中西區,1
2019-08-26,北區,1
2019-09-02,安南區,1
2019-09-02,左鎮區,1
2019-09-09,中西區,1
2019-09-09,安南區,1
2019-09-09,東區,1
2019-09-16,中西區,1
2019-09-16,東區,1
2019-09-23,北區,2
2019-09-23,東區,5
2019-09-30,東區,6
2019-09-30,永康區,2
2019-10-07,仁德區,2
2019-10-07,東區,1
2019-10-07,永康區,1
2019-10-14,新市區,1
2019-11-04,永康區,1
2019-11-11,新化區,1
2019-11-18,新化區,1
2019-11-25,永康區,1
2020-01-06,下營區,1
2020-01-06,安定區,1
2020-01-13,鹽水區,1
2020-01-27,東區,1
2020-03-09,永康區,2
2020-07-27,佳里區,1
2022-10-24,新營區,1
2022-10-24,歸仁區,1
2022-12-12,善化區,1
2022-12-12,新市區,1
2023-06-12,仁德區,4
2023-06-12,南區,2
2023-06-12,安南區,1
2023-06-12,東區,4
2023-06-12,永康區,1
2023-06-19,中西區,2
2023-06-19,仁德區,5
2023-06-19,北區,1
2023-06-19,善化區,1
2023-06-19,安南區,1
2023-06-19,東區,13
2023-06-19,永康區,1
2023-06-26,仁德區,11
2023-06-26,北區,1
2023-06-26,南區,3
2023-06-26,善化區,2
2023-06-26,安南區,4
2023-06-26,東區,11
2023-06-26,歸仁區,1
2023-06-26,永康區,1
2023-07-03,安南區,5
2023-07-03,新營區,1
2023-07-03,東區,11
2023-07-03,永康區,5
2023-07-10,中西區,1
2023-07-10,仁德區,4
2023-07-10,北區,4
2023-07-10,南區,1
2023-07-10,安南區,4
2023-07-10,新化區,2
2023-07-10,新市區,1
2023-07-10,東區,11
2023-07-10,歸仁區,3
2023-07-10,永康區,8
2023-07-17,仁德區,3
2023-07-17,北區,2
2023-07-17,南區,3
2023-07-17,善化區,1
2023-07-17,安南區,5
2023-07-17,東區,13
2023-07-17,歸仁區,2
2023-07-17,永康區,13
2023-07-17,關廟區,1
2023-07-24,仁德區,2
2023-07-24,北區,1
2023-07-24,南區,3
2023-07-24,安南區,5
2023-07-24,新化區,1
2023-07-24,東區,5
2023-07-24,歸仁區,1
2023-07-24,永康區,13
2023-07-31,中西區,2
2023-07-31,仁德區,4
2023-07-31,北區,2
2023-07-31,南區,1
2023-07-31,安南區,6
2023-07-31,安平區,1
2023-07-31,東區,3
2023-07-31,歸仁區,1
2023-07-31,永康區,12
2023-08-07,中西區,3
2023-08-07,仁德區,1
2023-08-07,北區,1
2023-08-07,南區,4
2023-08-07,安南區,6
2023-08-07,安平區,1
2023-08-07,東區,9
2023-08-07,永康區,11
2023-08-14,北區,5
2023-08-14,南區,5
2023-08-14,安南區,10
2023-08-14,東區,12
2023-08-14,永康區,12
2023-08-21,北區,5
2023-08-21,南區,6
2023-08-21,安南區,10
2023-08-21,安平區,2
2023-08-21,東區,9
2023-08-21,永康區,6
2023-08-21,關廟區,3
2023-08-28,中西區,1
2023-08-28,北區,1
2023-08-28,南區,2
2023-08-28,安南區,14
2023-08-28,東區,5
2023-08-28,永康區,4
2023-09-04,中西區,1
2023-09-04,北區,2
2023-09-04,南區,2
2023-09-04,安南區,7
2023-09-04,東區,9
2023-09-04,永康區,6
2023-09-04,關廟區,1
2023-09-11,中西區,1
2023-09-11,北區,5
2023-09-11,南區,1
2023-09-11,安南區,16
2023-09-11,安平區,5
2023-09-11,東區,11
2023-09-11,關廟區,3
2023-09-18,中西區,4
2023-09-18,北區,6
2023-09-18,南區,15
2023-09-18,安南區,5
2023-09-18,東區,3
2023-09-18,永康區,10
2023-09-25,中西區,3
2023-09-25,北區,1
2023-09-25,南區,9
2023-09-25,安南區,5
2023-09-25,安平區,1
2023-09-25,東區,6
2023-09-25,歸仁區,5
2023-09-25,永康區,7
2023-09-25,關廟區,2
2023-10-02,中西區,1
2023-10-02,北區,4
2023-10-02,南區,5
2023-10-02,安南區,1
2023-10-02,安平區,2
2023-10-02,東區,2
2023-10-09,中西區,2
2023-10-09,北區,3
2023-10-09,南區,2
2023-10-09,安南區,5
2023-10-09,安平區,7
2023-10-09,東區,4
2023-10-09,永康區,3
2023-10-16,中西區,4
2023-10-16,仁德區,1
2023-10-16,北區,2
2023-10-16,南區,6
2023-10-16,安南區,1
2023-10-16,安平區,2
2023-10-16,東區,6
2023-10-16,歸仁區,2
2023-10-16,永康區,3
2023-10-16,關廟區,4
2023-10-23,中西區,5
2023-10-23,北區,9
2023-10-23,南區,11
2023-10-23,安南區,3
2023-10-23,安平區,3
2023-10-23,東區,13
2023-10-23,歸仁區,1
2023-10-23,永康區,6
2023-10-30,中西區,3
2023-10-30,仁德區,2
2023-10-30,佳里區,4
2023-10-30,北區,9
2023-10-30,南區,12
2023-10-30,善化區,2
2023-10-30,安南區,3
2023-10-30,安平區,2
2023-10-30,新化區,2
2023-10-30,東區,13
2023-10-30,歸仁區,1
2023-10-30,永康區,10
2023-10-30,關廟區,4
2023-11-06,中西區,1
2023-11-06,仁德區,1
2023-11-06,佳里區,8
2023-11-06,北區,11
2023-11-06,南區,8
2023-11-06,安南區,2
2023-11-06,安平區,3
2023-11-06,東區,12
2023-11-06,歸仁區,4
2023-11-06,永康區,4
2023-11-06,西港區,1
2023-11-06,關廟區,9
2023-11-06,麻豆區,2
2023-11-13,中西區,4
2023-11-13,仁德區,2
2023-11-13,佳里區,4
2023-11-13,北區,12
2023-11-13,南區,7
2023-11-13,善化區,2
2023-11-13,安南區,1
2023-11-13,安平區,1
2023-11-13,將軍區,4
2023-11-13,新化區,6
2023-11-13,東區,8
2023-11-13,歸仁區,2
2023-11-13,永康區,6
2023-11-13,西港區,1
2023-11-13,關廟區,4
2023-11-13,麻豆區,7
2023-11-20,中西區,7
2023-11-20,仁德區,3
2023-11-20,北區,4
2023-11-20,南區,6
2023-11-20,善化區,3
2023-11-20,學甲區,1
2023-11-20,安南區,5
2023-11-20,安定區,1
2023-11-20,安平區,1
2023-11-20,新化區,1
2023-11-20,新營區,8
2023-11-20,東區,2
2023-11-20,歸仁區,4
2023-11-20,永康區,10
2023-11-20,關廟區,5
2023-11-20,麻豆區,5
2023-11-27,中西區,7
2023-11-27,仁德區,5
2023-11-27,佳里區,4
2023-11-27,北區,7
2023-11-27,南區,5
2023-11-27,安南區,3
2023-11-27,安平區,3
2023-11-27,新營區,2
2023-11-27,東區,3
2023-11-27,歸仁區,2
2023-11-27,永康區,8
2023-11-27,關廟區,2
2023-12-04,中西區,7
2023-12-04,仁德區,2
2023-12-04,北區,8
2023-12-04,南區,5
2023-12-04,安南區,5
2023-12-04,安平區,1
2023-12-04,新化區,3
2023-12-04,東區,4
2023-12-04,歸仁區,3
2023-12-04,永康區,4
2023-12-04,麻豆區,5
2023-12-11,中西區,2
2023-12-11,仁德區,2
2023-12-11,佳里區,5
2023-12-11,北區,3
2023-12-11,南區,3
2023-12-11,安南區,6
2023-12-11,安平區,2
2023-12-11,東區,3
2023-12-11,歸仁區,5
2023-12-11,永康區,7
2023-12-11,關廟區,2
2023-12-11,麻豆區,4
2023-12-18,中西區,5
2023-12-18,仁德區,1
2023-12-18,佳里區,2
2023-12-18,北區,4
2023-12-18,南區,2
2023-12-18,善化區,3
2023-12-18,安南區,6
2023-12-18,新營區,1
2023-12-18,東區,2
2023-12-18,歸仁區,1
2023-12-18,永康區,2
2023-12-18,關廟區,2
2023-12-18,麻豆區,1
2023-12-25,中西區,2
2023-12-25,仁德區,1
2023-12-25,佳里區,1
2023-12-25,南區,3
2023-12-25,安南區,2
2023-12-25,安定區,1
2023-12-25,左鎮區,1
2023-12-25,歸仁區,1
2023-12-25,永康區,2
2023-12-25,關廟區,1
2024-01-01,中西區,1
2024-01-01,佳里區,1
2024-01-01,北區,1
2024-01-01,南區,1
2024-01-01,東區,2
2024-01-08,中西區,2
2024-01-08,仁德區,1
2024-01-08,安南區,2
2024-01-08,安平區,1
2024-01-08,東區,1
2024-01-08,歸仁區,1
2024-01-15,南區,1
2024-01-15,安南區,1
2024-01-22,安南區,1
2024-01-22,永康區,1
2024-01-29,中西區,1
2024-02-05,北區,1
2024-02-05,新營區,1
2024-02-26,東區,1
2024-04-01,新營區,1
2024-04-22,永康區,1
2024-05-13,新營區,1
2024-07-01,安平區,1
2024-07-15,新營區,1
2024-07-29,仁德區,1
2024-07-29,永康區,2
2024-08-12,北區,2
2024-08-26,北區,1
2024-08-26,善化區,1
2024-09-23,官田區,1
2024-09-23,東區,1
2024-10-07,東區,1
2024-10-21,善化區,1
2024-11-18,善化區,1
2024-11-18,大內區,1
2024-12-02,北區,1
2024-12-09,安南區,1
2025-02-17,仁德區,1
2025-04-21,永康區,1
2025-05-12,安南區,1
2025-06-02,永康區,1
2025-06-30,永康區,1
2025-07-14,安定區,1
2025-07-14,東區,1
2025-07-28,新營區,1
2025-09-01,東區,1
2025-09-15,南區,1
2025-10-20,北區,1
2025-10-27,安平區,1
2025-12-08,將軍區,1
2025-12-22,南區,2
2025-12-22,安平區,1
